"engine","track","schema_id","workload","input","sample_index","event_index","name","micros","working_set_before","working_set_after","peak_working_set_after"
"yune","track-a-comparison","luna_pinyin","startup_warm_shared_assets_runtime_ready","","0","0","runtime_setup","70","unavailable","unavailable","unavailable"
"yune","track-a-comparison","luna_pinyin","startup_warm_shared_assets_runtime_ready","","0","1","runtime_setup","9","unavailable","unavailable","unavailable"
"yune","track-a-comparison","luna_pinyin","startup_warm_shared_assets_runtime_ready","","0","2","runtime_initialize","9","unavailable","unavailable","unavailable"
"yune","track-a-comparison","luna_pinyin","startup_warm_shared_assets_runtime_ready","","0","3","schema_config_load","1643","unavailable","unavailable","unavailable"
"yune","track-a-comparison","luna_pinyin","startup_warm_shared_assets_runtime_ready","","0","4","schema_switch_options","6","unavailable","unavailable","unavailable"
"yune","track-a-comparison","luna_pinyin","startup_warm_shared_assets_runtime_ready","","0","5","processor_install","17952","unavailable","unavailable","unavailable"
"yune","track-a-comparison","luna_pinyin","startup_warm_shared_assets_runtime_ready","","0","6","schema_config_load","1541","unavailable","unavailable","unavailable"
"yune","track-a-comparison","luna_pinyin","startup_warm_shared_assets_runtime_ready","","0","7","compiled_table_load","33","unavailable","unavailable","unavailable"
"yune","track-a-comparison","luna_pinyin","startup_warm_shared_assets_runtime_ready","","0","8","compiled_prism_load","18","unavailable","unavailable","unavailable"
"yune","track-a-comparison","luna_pinyin","startup_warm_shared_assets_runtime_ready","","0","9","compiled_reverse_load","82","unavailable","unavailable","unavailable"
"yune","track-a-comparison","luna_pinyin","startup_warm_shared_assets_runtime_ready","","0","10","compiled_prism_parse","49","unavailable","unavailable","unavailable"
"yune","track-a-comparison","luna_pinyin","startup_warm_shared_assets_runtime_ready","","0","11","compiled_reverse_load","0","unavailable","unavailable","unavailable"
"yune","track-a-comparison","luna_pinyin","startup_warm_shared_assets_runtime_ready","","0","12","compiled_table_dictionary_parse","9944","unavailable","unavailable","unavailable"
"yune","track-a-comparison","luna_pinyin","startup_warm_shared_assets_runtime_ready","","0","13","compiled_table_compact_parse","381","unavailable","unavailable","unavailable"
"yune","track-a-comparison","luna_pinyin","startup_warm_shared_assets_runtime_ready","","0","14","translator_index_build","102330","unavailable","unavailable","unavailable"
"yune","track-a-comparison","luna_pinyin","startup_warm_shared_assets_runtime_ready","","0","15","spelling_algebra_expand","302","unavailable","unavailable","unavailable"
"yune","track-a-comparison","luna_pinyin","startup_warm_shared_assets_runtime_ready","","0","16","translator_install","2861876","unavailable","unavailable","unavailable"
"yune","track-a-comparison","luna_pinyin","startup_warm_shared_assets_runtime_ready","","0","17","schema_config_load","1682","unavailable","unavailable","unavailable"
"yune","track-a-comparison","luna_pinyin","startup_warm_shared_assets_runtime_ready","","0","18","filter_install","1770","unavailable","unavailable","unavailable"
"yune","track-a-comparison","luna_pinyin","startup_warm_shared_assets_runtime_ready","","0","19","userdb_open_or_sync","36","unavailable","unavailable","unavailable"
"yune","track-a-comparison","luna_pinyin","startup_warm_shared_assets_runtime_ready","","0","20","session_create","2913633","unavailable","unavailable","unavailable"
"yune","track-a-comparison","luna_pinyin","startup_warm_shared_assets_runtime_ready","","0","21","schema_select","114","unavailable","unavailable","unavailable"
"yune","track-a-comparison","luna_pinyin","startup_warm_shared_assets_runtime_ready","","0","22","session_destroy","552","unavailable","unavailable","unavailable"
"yune","track-a-comparison","luna_pinyin","startup_warm_shared_assets_runtime_ready","","0","23","runtime_finalize","2","unavailable","unavailable","unavailable"
"yune","track-a-comparison","luna_pinyin","startup_warm_shared_assets_runtime_ready","","1","0","runtime_setup","18","unavailable","unavailable","unavailable"
"yune","track-a-comparison","luna_pinyin","startup_warm_shared_assets_runtime_ready","","1","1","runtime_setup","6","unavailable","unavailable","unavailable"
"yune","track-a-comparison","luna_pinyin","startup_warm_shared_assets_runtime_ready","","1","2","runtime_initialize","6","unavailable","unavailable","unavailable"
"yune","track-a-comparison","luna_pinyin","startup_warm_shared_assets_runtime_ready","","1","3","schema_config_load","1282","unavailable","unavailable","unavailable"
"yune","track-a-comparison","luna_pinyin","startup_warm_shared_assets_runtime_ready","","1","4","schema_switch_options","1","unavailable","unavailable","unavailable"
"yune","track-a-comparison","luna_pinyin","startup_warm_shared_assets_runtime_ready","","1","5","processor_install","13963","unavailable","unavailable","unavailable"
"yune","track-a-comparison","luna_pinyin","startup_warm_shared_assets_runtime_ready","","1","6","schema_config_load","1253","unavailable","unavailable","unavailable"
"yune","track-a-comparison","luna_pinyin","startup_warm_shared_assets_runtime_ready","","1","7","translator_install","2797","unavailable","unavailable","unavailable"
"yune","track-a-comparison","luna_pinyin","startup_warm_shared_assets_runtime_ready","","1","8","schema_config_load","1250","unavailable","unavailable","unavailable"
"yune","track-a-comparison","luna_pinyin","startup_warm_shared_assets_runtime_ready","","1","9","filter_install","1313","unavailable","unavailable","unavailable"
"yune","track-a-comparison","luna_pinyin","startup_warm_shared_assets_runtime_ready","","1","10","userdb_open_or_sync","12","unavailable","unavailable","unavailable"
"yune","track-a-comparison","luna_pinyin","startup_warm_shared_assets_runtime_ready","","1","11","session_create","22971","unavailable","unavailable","unavailable"
"yune","track-a-comparison","luna_pinyin","startup_warm_shared_assets_runtime_ready","","1","12","schema_select","110","unavailable","unavailable","unavailable"
"yune","track-a-comparison","luna_pinyin","startup_warm_shared_assets_runtime_ready","","1","13","session_destroy","343","unavailable","unavailable","unavailable"
"yune","track-a-comparison","luna_pinyin","startup_warm_shared_assets_runtime_ready","","1","14","runtime_finalize","0","unavailable","unavailable","unavailable"
"yune","track-a-comparison","luna_pinyin","startup_warm_shared_assets_runtime_ready","","2","0","runtime_setup","11","unavailable","unavailable","unavailable"
"yune","track-a-comparison","luna_pinyin","startup_warm_shared_assets_runtime_ready","","2","1","runtime_setup","5","unavailable","unavailable","unavailable"
"yune","track-a-comparison","luna_pinyin","startup_warm_shared_assets_runtime_ready","","2","2","runtime_initialize","5","unavailable","unavailable","unavailable"
"yune","track-a-comparison","luna_pinyin","startup_warm_shared_assets_runtime_ready","","2","3","schema_config_load","1514","unavailable","unavailable","unavailable"
"yune","track-a-comparison","luna_pinyin","startup_warm_shared_assets_runtime_ready","","2","4","schema_switch_options","1","unavailable","unavailable","unavailable"
"yune","track-a-comparison","luna_pinyin","startup_warm_shared_assets_runtime_ready","","2","5","processor_install","14415","unavailable","unavailable","unavailable"
"yune","track-a-comparison","luna_pinyin","startup_warm_shared_assets_runtime_ready","","2","6","schema_config_load","1314","unavailable","unavailable","unavailable"
"yune","track-a-comparison","luna_pinyin","startup_warm_shared_assets_runtime_ready","","2","7","translator_install","2940","unavailable","unavailable","unavailable"
"yune","track-a-comparison","luna_pinyin","startup_warm_shared_assets_runtime_ready","","2","8","schema_config_load","1381","unavailable","unavailable","unavailable"
"yune","track-a-comparison","luna_pinyin","startup_warm_shared_assets_runtime_ready","","2","9","filter_install","1447","unavailable","unavailable","unavailable"
"yune","track-a-comparison","luna_pinyin","startup_warm_shared_assets_runtime_ready","","2","10","userdb_open_or_sync","16","unavailable","unavailable","unavailable"
"yune","track-a-comparison","luna_pinyin","startup_warm_shared_assets_runtime_ready","","2","11","session_create","24405","unavailable","unavailable","unavailable"
"yune","track-a-comparison","luna_pinyin","startup_warm_shared_assets_runtime_ready","","2","12","schema_select","111","unavailable","unavailable","unavailable"
"yune","track-a-comparison","luna_pinyin","startup_warm_shared_assets_runtime_ready","","2","13","session_destroy","415","unavailable","unavailable","unavailable"
"yune","track-a-comparison","luna_pinyin","startup_warm_shared_assets_runtime_ready","","2","14","runtime_finalize","0","unavailable","unavailable","unavailable"
"yune","track-a-comparison","luna_pinyin","session_create_select_destroy","","0","0","schema_config_load","1312","unavailable","unavailable","unavailable"
"yune","track-a-comparison","luna_pinyin","session_create_select_destroy","","0","1","schema_switch_options","1","unavailable","unavailable","unavailable"
"yune","track-a-comparison","luna_pinyin","session_create_select_destroy","","0","2","processor_install","14358","unavailable","unavailable","unavailable"
"yune","track-a-comparison","luna_pinyin","session_create_select_destroy","","0","3","schema_config_load","1337","unavailable","unavailable","unavailable"
"yune","track-a-comparison","luna_pinyin","session_create_select_destroy","","0","4","translator_install","2953","unavailable","unavailable","unavailable"
"yune","track-a-comparison","luna_pinyin","session_create_select_destroy","","0","5","schema_config_load","1301","unavailable","unavailable","unavailable"
"yune","track-a-comparison","luna_pinyin","session_create_select_destroy","","0","6","filter_install","1371","unavailable","unavailable","unavailable"
"yune","track-a-comparison","luna_pinyin","session_create_select_destroy","","0","7","userdb_open_or_sync","12","unavailable","unavailable","unavailable"
"yune","track-a-comparison","luna_pinyin","session_create_select_destroy","","0","8","session_create","23589","unavailable","unavailable","unavailable"
"yune","track-a-comparison","luna_pinyin","session_create_select_destroy","","0","9","schema_select","109","unavailable","unavailable","unavailable"
"yune","track-a-comparison","luna_pinyin","session_create_select_destroy","","0","10","session_destroy","383","unavailable","unavailable","unavailable"
"yune","track-a-comparison","luna_pinyin","session_create_select_destroy","","1","0","schema_config_load","1311","unavailable","unavailable","unavailable"
"yune","track-a-comparison","luna_pinyin","session_create_select_destroy","","1","1","schema_switch_options","1","unavailable","unavailable","unavailable"
"yune","track-a-comparison","luna_pinyin","session_create_select_destroy","","1","2","processor_install","14217","unavailable","unavailable","unavailable"
"yune","track-a-comparison","luna_pinyin","session_create_select_destroy","","1","3","schema_config_load","1311","unavailable","unavailable","unavailable"
"yune","track-a-comparison","luna_pinyin","session_create_select_destroy","","1","4","translator_install","2863","unavailable","unavailable","unavailable"
"yune","track-a-comparison","luna_pinyin","session_create_select_destroy","","1","5","schema_config_load","1369","unavailable","unavailable","unavailable"
"yune","track-a-comparison","luna_pinyin","session_create_select_destroy","","1","6","filter_install","1433","unavailable","unavailable","unavailable"
"yune","track-a-comparison","luna_pinyin","session_create_select_destroy","","1","7","userdb_open_or_sync","13","unavailable","unavailable","unavailable"
"yune","track-a-comparison","luna_pinyin","session_create_select_destroy","","1","8","session_create","23386","unavailable","unavailable","unavailable"
"yune","track-a-comparison","luna_pinyin","session_create_select_destroy","","1","9","schema_select","120","unavailable","unavailable","unavailable"
"yune","track-a-comparison","luna_pinyin","session_create_select_destroy","","1","10","session_destroy","369","unavailable","unavailable","unavailable"
"yune","track-a-comparison","luna_pinyin","session_create_select_destroy","","2","0","schema_config_load","1315","unavailable","unavailable","unavailable"
"yune","track-a-comparison","luna_pinyin","session_create_select_destroy","","2","1","schema_switch_options","1","unavailable","unavailable","unavailable"
"yune","track-a-comparison","luna_pinyin","session_create_select_destroy","","2","2","processor_install","14328","unavailable","unavailable","unavailable"
"yune","track-a-comparison","luna_pinyin","session_create_select_destroy","","2","3","schema_config_load","1312","unavailable","unavailable","unavailable"
"yune","track-a-comparison","luna_pinyin","session_create_select_destroy","","2","4","translator_install","2956","unavailable","unavailable","unavailable"
"yune","track-a-comparison","luna_pinyin","session_create_select_destroy","","2","5","schema_config_load","1340","unavailable","unavailable","unavailable"
"yune","track-a-comparison","luna_pinyin","session_create_select_destroy","","2","6","filter_install","1405","unavailable","unavailable","unavailable"
"yune","track-a-comparison","luna_pinyin","session_create_select_destroy","","2","7","userdb_open_or_sync","14","unavailable","unavailable","unavailable"
"yune","track-a-comparison","luna_pinyin","session_create_select_destroy","","2","8","session_create","23562","unavailable","unavailable","unavailable"
"yune","track-a-comparison","luna_pinyin","session_create_select_destroy","","2","9","schema_select","134","unavailable","unavailable","unavailable"
"yune","track-a-comparison","luna_pinyin","session_create_select_destroy","","2","10","session_destroy","359","unavailable","unavailable","unavailable"
"yune","track-a-comparison","luna_pinyin","session_create_select_destroy","","3","0","schema_config_load","1324","unavailable","unavailable","unavailable"
"yune","track-a-comparison","luna_pinyin","session_create_select_destroy","","3","1","schema_switch_options","1","unavailable","unavailable","unavailable"
"yune","track-a-comparison","luna_pinyin","session_create_select_destroy","","3","2","processor_install","14279","unavailable","unavailable","unavailable"
"yune","track-a-comparison","luna_pinyin","session_create_select_destroy","","3","3","schema_config_load","1326","unavailable","unavailable","unavailable"
"yune","track-a-comparison","luna_pinyin","session_create_select_destroy","","3","4","translator_install","2866","unavailable","unavailable","unavailable"
"yune","track-a-comparison","luna_pinyin","session_create_select_destroy","","3","5","schema_config_load","1375","unavailable","unavailable","unavailable"
"yune","track-a-comparison","luna_pinyin","session_create_select_destroy","","3","6","filter_install","1440","unavailable","unavailable","unavailable"
"yune","track-a-comparison","luna_pinyin","session_create_select_destroy","","3","7","userdb_open_or_sync","12","unavailable","unavailable","unavailable"
"yune","track-a-comparison","luna_pinyin","session_create_select_destroy","","3","8","session_create","23526","unavailable","unavailable","unavailable"
"yune","track-a-comparison","luna_pinyin","session_create_select_destroy","","3","9","schema_select","108","unavailable","unavailable","unavailable"
"yune","track-a-comparison","luna_pinyin","session_create_select_destroy","","3","10","session_destroy","410","unavailable","unavailable","unavailable"
"yune","track-a-comparison","luna_pinyin","session_create_select_destroy","","4","0","schema_config_load","1307","unavailable","unavailable","unavailable"
"yune","track-a-comparison","luna_pinyin","session_create_select_destroy","","4","1","schema_switch_options","1","unavailable","unavailable","unavailable"
"yune","track-a-comparison","luna_pinyin","session_create_select_destroy","","4","2","processor_install","14307","unavailable","unavailable","unavailable"
"yune","track-a-comparison","luna_pinyin","session_create_select_destroy","","4","3","schema_config_load","1306","unavailable","unavailable","unavailable"
"yune","track-a-comparison","luna_pinyin","session_create_select_destroy","","4","4","translator_install","2856","unavailable","unavailable","unavailable"
"yune","track-a-comparison","luna_pinyin","session_create_select_destroy","","4","5","schema_config_load","1358","unavailable","unavailable","unavailable"
"yune","track-a-comparison","luna_pinyin","session_create_select_destroy","","4","6","filter_install","1422","unavailable","unavailable","unavailable"
"yune","track-a-comparison","luna_pinyin","session_create_select_destroy","","4","7","userdb_open_or_sync","13","unavailable","unavailable","unavailable"
"yune","track-a-comparison","luna_pinyin","session_create_select_destroy","","4","8","session_create","23526","unavailable","unavailable","unavailable"
"yune","track-a-comparison","luna_pinyin","session_create_select_destroy","","4","9","schema_select","125","unavailable","unavailable","unavailable"
"yune","track-a-comparison","luna_pinyin","session_create_select_destroy","","4","10","session_destroy","366","unavailable","unavailable","unavailable"
"yune","track-a-comparison","luna_pinyin","session_create_select_destroy","","5","0","schema_config_load","1321","unavailable","unavailable","unavailable"
"yune","track-a-comparison","luna_pinyin","session_create_select_destroy","","5","1","schema_switch_options","1","unavailable","unavailable","unavailable"
"yune","track-a-comparison","luna_pinyin","session_create_select_destroy","","5","2","processor_install","14162","unavailable","unavailable","unavailable"
"yune","track-a-comparison","luna_pinyin","session_create_select_destroy","","5","3","schema_config_load","1312","unavailable","unavailable","unavailable"
"yune","track-a-comparison","luna_pinyin","session_create_select_destroy","","5","4","translator_install","2886","unavailable","unavailable","unavailable"
"yune","track-a-comparison","luna_pinyin","session_create_select_destroy","","5","5","schema_config_load","1373","unavailable","unavailable","unavailable"
"yune","track-a-comparison","luna_pinyin","session_create_select_destroy","","5","6","filter_install","1441","unavailable","unavailable","unavailable"
"yune","track-a-comparison","luna_pinyin","session_create_select_destroy","","5","7","userdb_open_or_sync","12","unavailable","unavailable","unavailable"
"yune","track-a-comparison","luna_pinyin","session_create_select_destroy","","5","8","session_create","23402","unavailable","unavailable","unavailable"
"yune","track-a-comparison","luna_pinyin","session_create_select_destroy","","5","9","schema_select","109","unavailable","unavailable","unavailable"
"yune","track-a-comparison","luna_pinyin","session_create_select_destroy","","5","10","session_destroy","374","unavailable","unavailable","unavailable"
"yune","track-a-comparison","luna_pinyin","session_create_select_destroy","","6","0","schema_config_load","1321","unavailable","unavailable","unavailable"
"yune","track-a-comparison","luna_pinyin","session_create_select_destroy","","6","1","schema_switch_options","1","unavailable","unavailable","unavailable"
"yune","track-a-comparison","luna_pinyin","session_create_select_destroy","","6","2","processor_install","14209","unavailable","unavailable","unavailable"
"yune","track-a-comparison","luna_pinyin","session_create_select_destroy","","6","3","schema_config_load","1322","unavailable","unavailable","unavailable"
"yune","track-a-comparison","luna_pinyin","session_create_select_destroy","","6","4","translator_install","2952","unavailable","unavailable","unavailable"
"yune","track-a-comparison","luna_pinyin","session_create_select_destroy","","6","5","schema_config_load","1313","unavailable","unavailable","unavailable"
"yune","track-a-comparison","luna_pinyin","session_create_select_destroy","","6","6","filter_install","1377","unavailable","unavailable","unavailable"
"yune","track-a-comparison","luna_pinyin","session_create_select_destroy","","6","7","userdb_open_or_sync","12","unavailable","unavailable","unavailable"
"yune","track-a-comparison","luna_pinyin","session_create_select_destroy","","6","8","session_create","23433","unavailable","unavailable","unavailable"
"yune","track-a-comparison","luna_pinyin","session_create_select_destroy","","6","9","schema_select","109","unavailable","unavailable","unavailable"
"yune","track-a-comparison","luna_pinyin","session_create_select_destroy","","6","10","session_destroy","380","unavailable","unavailable","unavailable"
"yune","track-a-comparison","luna_pinyin","session_create_select_destroy","","7","0","schema_config_load","1317","unavailable","unavailable","unavailable"
"yune","track-a-comparison","luna_pinyin","session_create_select_destroy","","7","1","schema_switch_options","1","unavailable","unavailable","unavailable"
"yune","track-a-comparison","luna_pinyin","session_create_select_destroy","","7","2","processor_install","14317","unavailable","unavailable","unavailable"
"yune","track-a-comparison","luna_pinyin","session_create_select_destroy","","7","3","schema_config_load","1304","unavailable","unavailable","unavailable"
"yune","track-a-comparison","luna_pinyin","session_create_select_destroy","","7","4","translator_install","2901","unavailable","unavailable","unavailable"
"yune","track-a-comparison","luna_pinyin","session_create_select_destroy","","7","5","schema_config_load","1300","unavailable","unavailable","unavailable"
"yune","track-a-comparison","luna_pinyin","session_create_select_destroy","","7","6","filter_install","1369","unavailable","unavailable","unavailable"
"yune","track-a-comparison","luna_pinyin","session_create_select_destroy","","7","7","userdb_open_or_sync","13","unavailable","unavailable","unavailable"
"yune","track-a-comparison","luna_pinyin","session_create_select_destroy","","7","8","session_create","23542","unavailable","unavailable","unavailable"
"yune","track-a-comparison","luna_pinyin","session_create_select_destroy","","7","9","schema_select","108","unavailable","unavailable","unavailable"
"yune","track-a-comparison","luna_pinyin","session_create_select_destroy","","7","10","session_destroy","407","unavailable","unavailable","unavailable"
"yune","track-a-comparison","luna_pinyin","session_create_select_destroy","","8","0","schema_config_load","1341","unavailable","unavailable","unavailable"
"yune","track-a-comparison","luna_pinyin","session_create_select_destroy","","8","1","schema_switch_options","1","unavailable","unavailable","unavailable"
"yune","track-a-comparison","luna_pinyin","session_create_select_destroy","","8","2","processor_install","14248","unavailable","unavailable","unavailable"
"yune","track-a-comparison","luna_pinyin","session_create_select_destroy","","8","3","schema_config_load","1311","unavailable","unavailable","unavailable"
"yune","track-a-comparison","luna_pinyin","session_create_select_destroy","","8","4","translator_install","2916","unavailable","unavailable","unavailable"
"yune","track-a-comparison","luna_pinyin","session_create_select_destroy","","8","5","schema_config_load","1327","unavailable","unavailable","unavailable"
"yune","track-a-comparison","luna_pinyin","session_create_select_destroy","","8","6","filter_install","1391","unavailable","unavailable","unavailable"
"yune","track-a-comparison","luna_pinyin","session_create_select_destroy","","8","7","userdb_open_or_sync","11","unavailable","unavailable","unavailable"
"yune","track-a-comparison","luna_pinyin","session_create_select_destroy","","8","8","session_create","23508","unavailable","unavailable","unavailable"
"yune","track-a-comparison","luna_pinyin","session_create_select_destroy","","8","9","schema_select","120","unavailable","unavailable","unavailable"
"yune","track-a-comparison","luna_pinyin","session_create_select_destroy","","8","10","session_destroy","379","unavailable","unavailable","unavailable"
"yune","track-a-comparison","luna_pinyin","session_create_select_destroy","","9","0","schema_config_load","1329","unavailable","unavailable","unavailable"
"yune","track-a-comparison","luna_pinyin","session_create_select_destroy","","9","1","schema_switch_options","1","unavailable","unavailable","unavailable"
"yune","track-a-comparison","luna_pinyin","session_create_select_destroy","","9","2","processor_install","14234","unavailable","unavailable","unavailable"
"yune","track-a-comparison","luna_pinyin","session_create_select_destroy","","9","3","schema_config_load","1322","unavailable","unavailable","unavailable"
"yune","track-a-comparison","luna_pinyin","session_create_select_destroy","","9","4","translator_install","2957","unavailable","unavailable","unavailable"
"yune","track-a-comparison","luna_pinyin","session_create_select_destroy","","9","5","schema_config_load","1345","unavailable","unavailable","unavailable"
"yune","track-a-comparison","luna_pinyin","session_create_select_destroy","","9","6","filter_install","1408","unavailable","unavailable","unavailable"
"yune","track-a-comparison","luna_pinyin","session_create_select_destroy","","9","7","userdb_open_or_sync","13","unavailable","unavailable","unavailable"
"yune","track-a-comparison","luna_pinyin","session_create_select_destroy","","9","8","session_create","23571","unavailable","unavailable","unavailable"
"yune","track-a-comparison","luna_pinyin","session_create_select_destroy","","9","9","schema_select","137","unavailable","unavailable","unavailable"
"yune","track-a-comparison","luna_pinyin","session_create_select_destroy","","9","10","session_destroy","369","unavailable","unavailable","unavailable"
"yune","track-b-product","jyut6ping3_mobile","startup_warm_shared_assets_runtime_ready","","0","0","runtime_setup","146","unavailable","unavailable","unavailable"
"yune","track-b-product","jyut6ping3_mobile","startup_warm_shared_assets_runtime_ready","","0","1","runtime_setup","48","unavailable","unavailable","unavailable"
"yune","track-b-product","jyut6ping3_mobile","startup_warm_shared_assets_runtime_ready","","0","2","runtime_initialize","48","unavailable","unavailable","unavailable"
"yune","track-b-product","jyut6ping3_mobile","startup_warm_shared_assets_runtime_ready","","0","3","schema_config_load","378","unavailable","unavailable","unavailable"
"yune","track-b-product","jyut6ping3_mobile","startup_warm_shared_assets_runtime_ready","","0","4","schema_switch_options","6","unavailable","unavailable","unavailable"
"yune","track-b-product","jyut6ping3_mobile","startup_warm_shared_assets_runtime_ready","","0","5","processor_install","4602","unavailable","unavailable","unavailable"
"yune","track-b-product","jyut6ping3_mobile","startup_warm_shared_assets_runtime_ready","","0","6","schema_config_load","353","unavailable","unavailable","unavailable"
"yune","track-b-product","jyut6ping3_mobile","startup_warm_shared_assets_runtime_ready","","0","7","compiled_table_load","33","unavailable","unavailable","unavailable"
"yune","track-b-product","jyut6ping3_mobile","startup_warm_shared_assets_runtime_ready","","0","8","compiled_prism_load","17","unavailable","unavailable","unavailable"
"yune","track-b-product","jyut6ping3_mobile","startup_warm_shared_assets_runtime_ready","","0","9","compiled_reverse_load","537","unavailable","unavailable","unavailable"
"yune","track-b-product","jyut6ping3_mobile","startup_warm_shared_assets_runtime_ready","","0","10","compiled_prism_parse","16854","unavailable","unavailable","unavailable"
"yune","track-b-product","jyut6ping3_mobile","startup_warm_shared_assets_runtime_ready","","0","11","compiled_reverse_load","14100","unavailable","unavailable","unavailable"
"yune","track-b-product","jyut6ping3_mobile","startup_warm_shared_assets_runtime_ready","","0","12","compiled_table_dictionary_parse","41046","unavailable","unavailable","unavailable"
"yune","track-b-product","jyut6ping3_mobile","startup_warm_shared_assets_runtime_ready","","0","13","compiled_table_compact_parse","115027","unavailable","unavailable","unavailable"
"yune","track-b-product","jyut6ping3_mobile","startup_warm_shared_assets_runtime_ready","","0","14","translator_index_build","58058","unavailable","unavailable","unavailable"
"yune","track-b-product","jyut6ping3_mobile","startup_warm_shared_assets_runtime_ready","","0","15","spelling_algebra_expand","415","unavailable","unavailable","unavailable"
"yune","track-b-product","jyut6ping3_mobile","startup_warm_shared_assets_runtime_ready","","0","16","compiled_table_load","36","unavailable","unavailable","unavailable"
"yune","track-b-product","jyut6ping3_mobile","startup_warm_shared_assets_runtime_ready","","0","17","compiled_prism_load","17","unavailable","unavailable","unavailable"
"yune","track-b-product","jyut6ping3_mobile","startup_warm_shared_assets_runtime_ready","","0","18","compiled_reverse_load","105","unavailable","unavailable","unavailable"
"yune","track-b-product","jyut6ping3_mobile","startup_warm_shared_assets_runtime_ready","","0","19","compiled_prism_parse","22","unavailable","unavailable","unavailable"
"yune","track-b-product","jyut6ping3_mobile","startup_warm_shared_assets_runtime_ready","","0","20","compiled_reverse_load","4158","unavailable","unavailable","unavailable"
"yune","track-b-product","jyut6ping3_mobile","startup_warm_shared_assets_runtime_ready","","0","21","compiled_table_dictionary_parse","13529","unavailable","unavailable","unavailable"
"yune","track-b-product","jyut6ping3_mobile","startup_warm_shared_assets_runtime_ready","","0","22","translator_index_build","13413","unavailable","unavailable","unavailable"
"yune","track-b-product","jyut6ping3_mobile","startup_warm_shared_assets_runtime_ready","","0","23","spelling_algebra_expand","3684","unavailable","unavailable","unavailable"
"yune","track-b-product","jyut6ping3_mobile","startup_warm_shared_assets_runtime_ready","","0","24","compiled_table_load","30","unavailable","unavailable","unavailable"
"yune","track-b-product","jyut6ping3_mobile","startup_warm_shared_assets_runtime_ready","","0","25","compiled_prism_load","18","unavailable","unavailable","unavailable"
"yune","track-b-product","jyut6ping3_mobile","startup_warm_shared_assets_runtime_ready","","0","26","compiled_reverse_load","415","unavailable","unavailable","unavailable"
"yune","track-b-product","jyut6ping3_mobile","startup_warm_shared_assets_runtime_ready","","0","27","compiled_prism_parse","5567","unavailable","unavailable","unavailable"
"yune","track-b-product","jyut6ping3_mobile","startup_warm_shared_assets_runtime_ready","","0","28","compiled_reverse_load","11062","unavailable","unavailable","unavailable"
"yune","track-b-product","jyut6ping3_mobile","startup_warm_shared_assets_runtime_ready","","0","29","compiled_table_dictionary_parse","42543","unavailable","unavailable","unavailable"
"yune","track-b-product","jyut6ping3_mobile","startup_warm_shared_assets_runtime_ready","","0","30","translator_index_build","59032","unavailable","unavailable","unavailable"
"yune","track-b-product","jyut6ping3_mobile","startup_warm_shared_assets_runtime_ready","","0","31","spelling_algebra_expand","26589","unavailable","unavailable","unavailable"
"yune","track-b-product","jyut6ping3_mobile","startup_warm_shared_assets_runtime_ready","","0","32","compiled_table_load","34","unavailable","unavailable","unavailable"
"yune","track-b-product","jyut6ping3_mobile","startup_warm_shared_assets_runtime_ready","","0","33","compiled_prism_load","24","unavailable","unavailable","unavailable"
"yune","track-b-product","jyut6ping3_mobile","startup_warm_shared_assets_runtime_ready","","0","34","compiled_reverse_load","142","unavailable","unavailable","unavailable"
"yune","track-b-product","jyut6ping3_mobile","startup_warm_shared_assets_runtime_ready","","0","35","compiled_prism_parse","1832","unavailable","unavailable","unavailable"
"yune","track-b-product","jyut6ping3_mobile","startup_warm_shared_assets_runtime_ready","","0","36","compiled_reverse_load","4101","unavailable","unavailable","unavailable"
"yune","track-b-product","jyut6ping3_mobile","startup_warm_shared_assets_runtime_ready","","0","37","compiled_table_dictionary_parse","14115","unavailable","unavailable","unavailable"
"yune","track-b-product","jyut6ping3_mobile","startup_warm_shared_assets_runtime_ready","","0","38","translator_index_build","18788","unavailable","unavailable","unavailable"
"yune","track-b-product","jyut6ping3_mobile","startup_warm_shared_assets_runtime_ready","","0","39","spelling_algebra_expand","11304","unavailable","unavailable","unavailable"
"yune","track-b-product","jyut6ping3_mobile","startup_warm_shared_assets_runtime_ready","","0","40","translator_install","538372","unavailable","unavailable","unavailable"
"yune","track-b-product","jyut6ping3_mobile","startup_warm_shared_assets_runtime_ready","","0","41","schema_config_load","494","unavailable","unavailable","unavailable"
"yune","track-b-product","jyut6ping3_mobile","startup_warm_shared_assets_runtime_ready","","0","42","filter_install","48473","unavailable","unavailable","unavailable"
"yune","track-b-product","jyut6ping3_mobile","startup_warm_shared_assets_runtime_ready","","0","43","userdb_open_or_sync","48","unavailable","unavailable","unavailable"
"yune","track-b-product","jyut6ping3_mobile","startup_warm_shared_assets_runtime_ready","","0","44","session_create","594441","unavailable","unavailable","unavailable"
"yune","track-b-product","jyut6ping3_mobile","startup_warm_shared_assets_runtime_ready","","0","45","schema_config_load","458","unavailable","unavailable","unavailable"
"yune","track-b-product","jyut6ping3_mobile","startup_warm_shared_assets_runtime_ready","","0","46","schema_switch_options","3","unavailable","unavailable","unavailable"
"yune","track-b-product","jyut6ping3_mobile","startup_warm_shared_assets_runtime_ready","","0","47","processor_install","4092","unavailable","unavailable","unavailable"
"yune","track-b-product","jyut6ping3_mobile","startup_warm_shared_assets_runtime_ready","","0","48","schema_config_load","323","unavailable","unavailable","unavailable"
"yune","track-b-product","jyut6ping3_mobile","startup_warm_shared_assets_runtime_ready","","0","49","compiled_table_load","31","unavailable","unavailable","unavailable"
"yune","track-b-product","jyut6ping3_mobile","startup_warm_shared_assets_runtime_ready","","0","50","compiled_prism_load","17","unavailable","unavailable","unavailable"
"yune","track-b-product","jyut6ping3_mobile","startup_warm_shared_assets_runtime_ready","","0","51","compiled_reverse_load","532","unavailable","unavailable","unavailable"
"yune","track-b-product","jyut6ping3_mobile","startup_warm_shared_assets_runtime_ready","","0","52","compiled_prism_parse","13251","unavailable","unavailable","unavailable"
"yune","track-b-product","jyut6ping3_mobile","startup_warm_shared_assets_runtime_ready","","0","53","compiled_reverse_load","13550","unavailable","unavailable","unavailable"
"yune","track-b-product","jyut6ping3_mobile","startup_warm_shared_assets_runtime_ready","","0","54","compiled_table_dictionary_parse","38275","unavailable","unavailable","unavailable"
"yune","track-b-product","jyut6ping3_mobile","startup_warm_shared_assets_runtime_ready","","0","55","compiled_table_compact_parse","102418","unavailable","unavailable","unavailable"
"yune","track-b-product","jyut6ping3_mobile","startup_warm_shared_assets_runtime_ready","","0","56","translator_index_build","53395","unavailable","unavailable","unavailable"
"yune","track-b-product","jyut6ping3_mobile","startup_warm_shared_assets_runtime_ready","","0","57","spelling_algebra_expand","354","unavailable","unavailable","unavailable"
"yune","track-b-product","jyut6ping3_mobile","startup_warm_shared_assets_runtime_ready","","0","58","compiled_table_load","31","unavailable","unavailable","unavailable"
"yune","track-b-product","jyut6ping3_mobile","startup_warm_shared_assets_runtime_ready","","0","59","compiled_prism_load","20","unavailable","unavailable","unavailable"
"yune","track-b-product","jyut6ping3_mobile","startup_warm_shared_assets_runtime_ready","","0","60","compiled_reverse_load","90","unavailable","unavailable","unavailable"
"yune","track-b-product","jyut6ping3_mobile","startup_warm_shared_assets_runtime_ready","","0","61","compiled_prism_parse","25","unavailable","unavailable","unavailable"
"yune","track-b-product","jyut6ping3_mobile","startup_warm_shared_assets_runtime_ready","","0","62","compiled_reverse_load","4074","unavailable","unavailable","unavailable"
"yune","track-b-product","jyut6ping3_mobile","startup_warm_shared_assets_runtime_ready","","0","63","compiled_table_dictionary_parse","12458","unavailable","unavailable","unavailable"
"yune","track-b-product","jyut6ping3_mobile","startup_warm_shared_assets_runtime_ready","","0","64","translator_index_build","13216","unavailable","unavailable","unavailable"
"yune","track-b-product","jyut6ping3_mobile","startup_warm_shared_assets_runtime_ready","","0","65","spelling_algebra_expand","4547","unavailable","unavailable","unavailable"
"yune","track-b-product","jyut6ping3_mobile","startup_warm_shared_assets_runtime_ready","","0","66","translator_install","294859","unavailable","unavailable","unavailable"
"yune","track-b-product","jyut6ping3_mobile","startup_warm_shared_assets_runtime_ready","","0","67","schema_config_load","455","unavailable","unavailable","unavailable"
"yune","track-b-product","jyut6ping3_mobile","startup_warm_shared_assets_runtime_ready","","0","68","filter_install","49013","unavailable","unavailable","unavailable"
"yune","track-b-product","jyut6ping3_mobile","startup_warm_shared_assets_runtime_ready","","0","69","userdb_open_or_sync","53","unavailable","unavailable","unavailable"
"yune","track-b-product","jyut6ping3_mobile","startup_warm_shared_assets_runtime_ready","","0","70","schema_select","371738","unavailable","unavailable","unavailable"
"yune","track-b-product","jyut6ping3_mobile","startup_warm_shared_assets_runtime_ready","","0","71","session_destroy","23416","unavailable","unavailable","unavailable"
"yune","track-b-product","jyut6ping3_mobile","startup_warm_shared_assets_runtime_ready","","0","72","runtime_finalize","0","unavailable","unavailable","unavailable"
"yune","track-b-product","jyut6ping3_mobile","startup_warm_shared_assets_runtime_ready","","1","0","runtime_setup","124","unavailable","unavailable","unavailable"
"yune","track-b-product","jyut6ping3_mobile","startup_warm_shared_assets_runtime_ready","","1","1","runtime_setup","50","unavailable","unavailable","unavailable"
"yune","track-b-product","jyut6ping3_mobile","startup_warm_shared_assets_runtime_ready","","1","2","runtime_initialize","50","unavailable","unavailable","unavailable"
"yune","track-b-product","jyut6ping3_mobile","startup_warm_shared_assets_runtime_ready","","1","3","schema_config_load","362","unavailable","unavailable","unavailable"
"yune","track-b-product","jyut6ping3_mobile","startup_warm_shared_assets_runtime_ready","","1","4","schema_switch_options","2","unavailable","unavailable","unavailable"
"yune","track-b-product","jyut6ping3_mobile","startup_warm_shared_assets_runtime_ready","","1","5","processor_install","4702","unavailable","unavailable","unavailable"
"yune","track-b-product","jyut6ping3_mobile","startup_warm_shared_assets_runtime_ready","","1","6","schema_config_load","347","unavailable","unavailable","unavailable"
"yune","track-b-product","jyut6ping3_mobile","startup_warm_shared_assets_runtime_ready","","1","7","translator_install","1782","unavailable","unavailable","unavailable"
"yune","track-b-product","jyut6ping3_mobile","startup_warm_shared_assets_runtime_ready","","1","8","schema_config_load","365","unavailable","unavailable","unavailable"
"yune","track-b-product","jyut6ping3_mobile","startup_warm_shared_assets_runtime_ready","","1","9","filter_install","48895","unavailable","unavailable","unavailable"
"yune","track-b-product","jyut6ping3_mobile","startup_warm_shared_assets_runtime_ready","","1","10","userdb_open_or_sync","58","unavailable","unavailable","unavailable"
"yune","track-b-product","jyut6ping3_mobile","startup_warm_shared_assets_runtime_ready","","1","11","session_create","58176","unavailable","unavailable","unavailable"
"yune","track-b-product","jyut6ping3_mobile","startup_warm_shared_assets_runtime_ready","","1","12","schema_config_load","453","unavailable","unavailable","unavailable"
"yune","track-b-product","jyut6ping3_mobile","startup_warm_shared_assets_runtime_ready","","1","13","schema_switch_options","4","unavailable","unavailable","unavailable"
"yune","track-b-product","jyut6ping3_mobile","startup_warm_shared_assets_runtime_ready","","1","14","processor_install","4178","unavailable","unavailable","unavailable"
"yune","track-b-product","jyut6ping3_mobile","startup_warm_shared_assets_runtime_ready","","1","15","schema_config_load","324","unavailable","unavailable","unavailable"
"yune","track-b-product","jyut6ping3_mobile","startup_warm_shared_assets_runtime_ready","","1","16","translator_install","1149","unavailable","unavailable","unavailable"
"yune","track-b-product","jyut6ping3_mobile","startup_warm_shared_assets_runtime_ready","","1","17","schema_config_load","331","unavailable","unavailable","unavailable"
"yune","track-b-product","jyut6ping3_mobile","startup_warm_shared_assets_runtime_ready","","1","18","filter_install","59511","unavailable","unavailable","unavailable"
"yune","track-b-product","jyut6ping3_mobile","startup_warm_shared_assets_runtime_ready","","1","19","userdb_open_or_sync","35","unavailable","unavailable","unavailable"
"yune","track-b-product","jyut6ping3_mobile","startup_warm_shared_assets_runtime_ready","","1","20","schema_select","92400","unavailable","unavailable","unavailable"
"yune","track-b-product","jyut6ping3_mobile","startup_warm_shared_assets_runtime_ready","","1","21","session_destroy","40529","unavailable","unavailable","unavailable"
"yune","track-b-product","jyut6ping3_mobile","startup_warm_shared_assets_runtime_ready","","1","22","runtime_finalize","0","unavailable","unavailable","unavailable"
"yune","track-b-product","jyut6ping3_mobile","startup_warm_shared_assets_runtime_ready","","2","0","runtime_setup","129","unavailable","unavailable","unavailable"
"yune","track-b-product","jyut6ping3_mobile","startup_warm_shared_assets_runtime_ready","","2","1","runtime_setup","38","unavailable","unavailable","unavailable"
"yune","track-b-product","jyut6ping3_mobile","startup_warm_shared_assets_runtime_ready","","2","2","runtime_initialize","38","unavailable","unavailable","unavailable"
"yune","track-b-product","jyut6ping3_mobile","startup_warm_shared_assets_runtime_ready","","2","3","schema_config_load","375","unavailable","unavailable","unavailable"
"yune","track-b-product","jyut6ping3_mobile","startup_warm_shared_assets_runtime_ready","","2","4","schema_switch_options","2","unavailable","unavailable","unavailable"
"yune","track-b-product","jyut6ping3_mobile","startup_warm_shared_assets_runtime_ready","","2","5","processor_install","4591","unavailable","unavailable","unavailable"
"yune","track-b-product","jyut6ping3_mobile","startup_warm_shared_assets_runtime_ready","","2","6","schema_config_load","367","unavailable","unavailable","unavailable"
"yune","track-b-product","jyut6ping3_mobile","startup_warm_shared_assets_runtime_ready","","2","7","translator_install","1765","unavailable","unavailable","unavailable"
"yune","track-b-product","jyut6ping3_mobile","startup_warm_shared_assets_runtime_ready","","2","8","schema_config_load","374","unavailable","unavailable","unavailable"
"yune","track-b-product","jyut6ping3_mobile","startup_warm_shared_assets_runtime_ready","","2","9","filter_install","49379","unavailable","unavailable","unavailable"
"yune","track-b-product","jyut6ping3_mobile","startup_warm_shared_assets_runtime_ready","","2","10","userdb_open_or_sync","47","unavailable","unavailable","unavailable"
"yune","track-b-product","jyut6ping3_mobile","startup_warm_shared_assets_runtime_ready","","2","11","session_create","58635","unavailable","unavailable","unavailable"
"yune","track-b-product","jyut6ping3_mobile","startup_warm_shared_assets_runtime_ready","","2","12","schema_config_load","410","unavailable","unavailable","unavailable"
"yune","track-b-product","jyut6ping3_mobile","startup_warm_shared_assets_runtime_ready","","2","13","schema_switch_options","3","unavailable","unavailable","unavailable"
"yune","track-b-product","jyut6ping3_mobile","startup_warm_shared_assets_runtime_ready","","2","14","processor_install","4763","unavailable","unavailable","unavailable"
"yune","track-b-product","jyut6ping3_mobile","startup_warm_shared_assets_runtime_ready","","2","15","schema_config_load","315","unavailable","unavailable","unavailable"
"yune","track-b-product","jyut6ping3_mobile","startup_warm_shared_assets_runtime_ready","","2","16","translator_install","1112","unavailable","unavailable","unavailable"
"yune","track-b-product","jyut6ping3_mobile","startup_warm_shared_assets_runtime_ready","","2","17","schema_config_load","327","unavailable","unavailable","unavailable"
"yune","track-b-product","jyut6ping3_mobile","startup_warm_shared_assets_runtime_ready","","2","18","filter_install","47309","unavailable","unavailable","unavailable"
"yune","track-b-product","jyut6ping3_mobile","startup_warm_shared_assets_runtime_ready","","2","19","userdb_open_or_sync","51","unavailable","unavailable","unavailable"
"yune","track-b-product","jyut6ping3_mobile","startup_warm_shared_assets_runtime_ready","","2","20","schema_select","82677","unavailable","unavailable","unavailable"
"yune","track-b-product","jyut6ping3_mobile","startup_warm_shared_assets_runtime_ready","","2","21","session_destroy","21131","unavailable","unavailable","unavailable"
"yune","track-b-product","jyut6ping3_mobile","startup_warm_shared_assets_runtime_ready","","2","22","runtime_finalize","0","unavailable","unavailable","unavailable"
"yune","track-b-product","jyut6ping3_mobile","session_create_select_destroy","","0","0","schema_config_load","361","unavailable","unavailable","unavailable"
"yune","track-b-product","jyut6ping3_mobile","session_create_select_destroy","","0","1","schema_switch_options","2","unavailable","unavailable","unavailable"
"yune","track-b-product","jyut6ping3_mobile","session_create_select_destroy","","0","2","processor_install","4339","unavailable","unavailable","unavailable"
"yune","track-b-product","jyut6ping3_mobile","session_create_select_destroy","","0","3","schema_config_load","351","unavailable","unavailable","unavailable"
"yune","track-b-product","jyut6ping3_mobile","session_create_select_destroy","","0","4","translator_install","1777","unavailable","unavailable","unavailable"
"yune","track-b-product","jyut6ping3_mobile","session_create_select_destroy","","0","5","schema_config_load","360","unavailable","unavailable","unavailable"
"yune","track-b-product","jyut6ping3_mobile","session_create_select_destroy","","0","6","filter_install","47460","unavailable","unavailable","unavailable"
"yune","track-b-product","jyut6ping3_mobile","session_create_select_destroy","","0","7","userdb_open_or_sync","35","unavailable","unavailable","unavailable"
"yune","track-b-product","jyut6ping3_mobile","session_create_select_destroy","","0","8","session_create","56218","unavailable","unavailable","unavailable"
"yune","track-b-product","jyut6ping3_mobile","session_create_select_destroy","","0","9","schema_config_load","418","unavailable","unavailable","unavailable"
"yune","track-b-product","jyut6ping3_mobile","session_create_select_destroy","","0","10","schema_switch_options","3","unavailable","unavailable","unavailable"
"yune","track-b-product","jyut6ping3_mobile","session_create_select_destroy","","0","11","processor_install","4056","unavailable","unavailable","unavailable"
"yune","track-b-product","jyut6ping3_mobile","session_create_select_destroy","","0","12","schema_config_load","318","unavailable","unavailable","unavailable"
"yune","track-b-product","jyut6ping3_mobile","session_create_select_destroy","","0","13","translator_install","1141","unavailable","unavailable","unavailable"
"yune","track-b-product","jyut6ping3_mobile","session_create_select_destroy","","0","14","schema_config_load","330","unavailable","unavailable","unavailable"
"yune","track-b-product","jyut6ping3_mobile","session_create_select_destroy","","0","15","filter_install","46248","unavailable","unavailable","unavailable"
"yune","track-b-product","jyut6ping3_mobile","session_create_select_destroy","","0","16","userdb_open_or_sync","36","unavailable","unavailable","unavailable"
"yune","track-b-product","jyut6ping3_mobile","session_create_select_destroy","","0","17","schema_select","77363","unavailable","unavailable","unavailable"
"yune","track-b-product","jyut6ping3_mobile","session_create_select_destroy","","0","18","session_destroy","20350","unavailable","unavailable","unavailable"
"yune","track-b-product","jyut6ping3_mobile","session_create_select_destroy","","1","0","schema_config_load","362","unavailable","unavailable","unavailable"
"yune","track-b-product","jyut6ping3_mobile","session_create_select_destroy","","1","1","schema_switch_options","2","unavailable","unavailable","unavailable"
"yune","track-b-product","jyut6ping3_mobile","session_create_select_destroy","","1","2","processor_install","4273","unavailable","unavailable","unavailable"
"yune","track-b-product","jyut6ping3_mobile","session_create_select_destroy","","1","3","schema_config_load","351","unavailable","unavailable","unavailable"
"yune","track-b-product","jyut6ping3_mobile","session_create_select_destroy","","1","4","translator_install","1729","unavailable","unavailable","unavailable"
"yune","track-b-product","jyut6ping3_mobile","session_create_select_destroy","","1","5","schema_config_load","358","unavailable","unavailable","unavailable"
"yune","track-b-product","jyut6ping3_mobile","session_create_select_destroy","","1","6","filter_install","46120","unavailable","unavailable","unavailable"
"yune","track-b-product","jyut6ping3_mobile","session_create_select_destroy","","1","7","userdb_open_or_sync","43","unavailable","unavailable","unavailable"
"yune","track-b-product","jyut6ping3_mobile","session_create_select_destroy","","1","8","session_create","54825","unavailable","unavailable","unavailable"
"yune","track-b-product","jyut6ping3_mobile","session_create_select_destroy","","1","9","schema_config_load","429","unavailable","unavailable","unavailable"
"yune","track-b-product","jyut6ping3_mobile","session_create_select_destroy","","1","10","schema_switch_options","3","unavailable","unavailable","unavailable"
"yune","track-b-product","jyut6ping3_mobile","session_create_select_destroy","","1","11","processor_install","4046","unavailable","unavailable","unavailable"
"yune","track-b-product","jyut6ping3_mobile","session_create_select_destroy","","1","12","schema_config_load","319","unavailable","unavailable","unavailable"
"yune","track-b-product","jyut6ping3_mobile","session_create_select_destroy","","1","13","translator_install","1117","unavailable","unavailable","unavailable"
"yune","track-b-product","jyut6ping3_mobile","session_create_select_destroy","","1","14","schema_config_load","329","unavailable","unavailable","unavailable"
"yune","track-b-product","jyut6ping3_mobile","session_create_select_destroy","","1","15","filter_install","48725","unavailable","unavailable","unavailable"
"yune","track-b-product","jyut6ping3_mobile","session_create_select_destroy","","1","16","userdb_open_or_sync","66","unavailable","unavailable","unavailable"
"yune","track-b-product","jyut6ping3_mobile","session_create_select_destroy","","1","17","schema_select","79021","unavailable","unavailable","unavailable"
"yune","track-b-product","jyut6ping3_mobile","session_create_select_destroy","","1","18","session_destroy","26817","unavailable","unavailable","unavailable"
"yune","track-b-product","jyut6ping3_mobile","session_create_select_destroy","","2","0","schema_config_load","364","unavailable","unavailable","unavailable"
"yune","track-b-product","jyut6ping3_mobile","session_create_select_destroy","","2","1","schema_switch_options","2","unavailable","unavailable","unavailable"
"yune","track-b-product","jyut6ping3_mobile","session_create_select_destroy","","2","2","processor_install","4385","unavailable","unavailable","unavailable"
"yune","track-b-product","jyut6ping3_mobile","session_create_select_destroy","","2","3","schema_config_load","361","unavailable","unavailable","unavailable"
"yune","track-b-product","jyut6ping3_mobile","session_create_select_destroy","","2","4","translator_install","1777","unavailable","unavailable","unavailable"
"yune","track-b-product","jyut6ping3_mobile","session_create_select_destroy","","2","5","schema_config_load","363","unavailable","unavailable","unavailable"
"yune","track-b-product","jyut6ping3_mobile","session_create_select_destroy","","2","6","filter_install","47583","unavailable","unavailable","unavailable"
"yune","track-b-product","jyut6ping3_mobile","session_create_select_destroy","","2","7","userdb_open_or_sync","60","unavailable","unavailable","unavailable"
"yune","track-b-product","jyut6ping3_mobile","session_create_select_destroy","","2","8","session_create","56546","unavailable","unavailable","unavailable"
"yune","track-b-product","jyut6ping3_mobile","session_create_select_destroy","","2","9","schema_config_load","439","unavailable","unavailable","unavailable"
"yune","track-b-product","jyut6ping3_mobile","session_create_select_destroy","","2","10","schema_switch_options","2","unavailable","unavailable","unavailable"
"yune","track-b-product","jyut6ping3_mobile","session_create_select_destroy","","2","11","processor_install","4045","unavailable","unavailable","unavailable"
"yune","track-b-product","jyut6ping3_mobile","session_create_select_destroy","","2","12","schema_config_load","325","unavailable","unavailable","unavailable"
"yune","track-b-product","jyut6ping3_mobile","session_create_select_destroy","","2","13","translator_install","1202","unavailable","unavailable","unavailable"
"yune","track-b-product","jyut6ping3_mobile","session_create_select_destroy","","2","14","schema_config_load","336","unavailable","unavailable","unavailable"
"yune","track-b-product","jyut6ping3_mobile","session_create_select_destroy","","2","15","filter_install","46797","unavailable","unavailable","unavailable"
"yune","track-b-product","jyut6ping3_mobile","session_create_select_destroy","","2","16","userdb_open_or_sync","57","unavailable","unavailable","unavailable"
"yune","track-b-product","jyut6ping3_mobile","session_create_select_destroy","","2","17","schema_select","75713","unavailable","unavailable","unavailable"
"yune","track-b-product","jyut6ping3_mobile","session_create_select_destroy","","2","18","session_destroy","22086","unavailable","unavailable","unavailable"
"yune","track-b-product","jyut6ping3_mobile","session_create_select_destroy","","3","0","schema_config_load","363","unavailable","unavailable","unavailable"
"yune","track-b-product","jyut6ping3_mobile","session_create_select_destroy","","3","1","schema_switch_options","2","unavailable","unavailable","unavailable"
"yune","track-b-product","jyut6ping3_mobile","session_create_select_destroy","","3","2","processor_install","4412","unavailable","unavailable","unavailable"
"yune","track-b-product","jyut6ping3_mobile","session_create_select_destroy","","3","3","schema_config_load","356","unavailable","unavailable","unavailable"
"yune","track-b-product","jyut6ping3_mobile","session_create_select_destroy","","3","4","translator_install","1772","unavailable","unavailable","unavailable"
"yune","track-b-product","jyut6ping3_mobile","session_create_select_destroy","","3","5","schema_config_load","359","unavailable","unavailable","unavailable"
"yune","track-b-product","jyut6ping3_mobile","session_create_select_destroy","","3","6","filter_install","46989","unavailable","unavailable","unavailable"
"yune","track-b-product","jyut6ping3_mobile","session_create_select_destroy","","3","7","userdb_open_or_sync","44","unavailable","unavailable","unavailable"
"yune","track-b-product","jyut6ping3_mobile","session_create_select_destroy","","3","8","session_create","55994","unavailable","unavailable","unavailable"
"yune","track-b-product","jyut6ping3_mobile","session_create_select_destroy","","3","9","schema_config_load","414","unavailable","unavailable","unavailable"
"yune","track-b-product","jyut6ping3_mobile","session_create_select_destroy","","3","10","schema_switch_options","3","unavailable","unavailable","unavailable"
"yune","track-b-product","jyut6ping3_mobile","session_create_select_destroy","","3","11","processor_install","4007","unavailable","unavailable","unavailable"
"yune","track-b-product","jyut6ping3_mobile","session_create_select_destroy","","3","12","schema_config_load","324","unavailable","unavailable","unavailable"
"yune","track-b-product","jyut6ping3_mobile","session_create_select_destroy","","3","13","translator_install","1119","unavailable","unavailable","unavailable"
"yune","track-b-product","jyut6ping3_mobile","session_create_select_destroy","","3","14","schema_config_load","331","unavailable","unavailable","unavailable"
"yune","track-b-product","jyut6ping3_mobile","session_create_select_destroy","","3","15","filter_install","48039","unavailable","unavailable","unavailable"
"yune","track-b-product","jyut6ping3_mobile","session_create_select_destroy","","3","16","userdb_open_or_sync","33","unavailable","unavailable","unavailable"
"yune","track-b-product","jyut6ping3_mobile","session_create_select_destroy","","3","17","schema_select","79029","unavailable","unavailable","unavailable"
"yune","track-b-product","jyut6ping3_mobile","session_create_select_destroy","","3","18","session_destroy","21473","unavailable","unavailable","unavailable"
"yune","track-b-product","jyut6ping3_mobile","session_create_select_destroy","","4","0","schema_config_load","360","unavailable","unavailable","unavailable"
"yune","track-b-product","jyut6ping3_mobile","session_create_select_destroy","","4","1","schema_switch_options","2","unavailable","unavailable","unavailable"
"yune","track-b-product","jyut6ping3_mobile","session_create_select_destroy","","4","2","processor_install","4332","unavailable","unavailable","unavailable"
"yune","track-b-product","jyut6ping3_mobile","session_create_select_destroy","","4","3","schema_config_load","353","unavailable","unavailable","unavailable"
"yune","track-b-product","jyut6ping3_mobile","session_create_select_destroy","","4","4","translator_install","1803","unavailable","unavailable","unavailable"
"yune","track-b-product","jyut6ping3_mobile","session_create_select_destroy","","4","5","schema_config_load","369","unavailable","unavailable","unavailable"
"yune","track-b-product","jyut6ping3_mobile","session_create_select_destroy","","4","6","filter_install","46572","unavailable","unavailable","unavailable"
"yune","track-b-product","jyut6ping3_mobile","session_create_select_destroy","","4","7","userdb_open_or_sync","57","unavailable","unavailable","unavailable"
"yune","track-b-product","jyut6ping3_mobile","session_create_select_destroy","","4","8","session_create","55455","unavailable","unavailable","unavailable"
"yune","track-b-product","jyut6ping3_mobile","session_create_select_destroy","","4","9","schema_config_load","407","unavailable","unavailable","unavailable"
"yune","track-b-product","jyut6ping3_mobile","session_create_select_destroy","","4","10","schema_switch_options","3","unavailable","unavailable","unavailable"
"yune","track-b-product","jyut6ping3_mobile","session_create_select_destroy","","4","11","processor_install","4001","unavailable","unavailable","unavailable"
"yune","track-b-product","jyut6ping3_mobile","session_create_select_destroy","","4","12","schema_config_load","319","unavailable","unavailable","unavailable"
"yune","track-b-product","jyut6ping3_mobile","session_create_select_destroy","","4","13","translator_install","1148","unavailable","unavailable","unavailable"
"yune","track-b-product","jyut6ping3_mobile","session_create_select_destroy","","4","14","schema_config_load","330","unavailable","unavailable","unavailable"
"yune","track-b-product","jyut6ping3_mobile","session_create_select_destroy","","4","15","filter_install","47805","unavailable","unavailable","unavailable"
"yune","track-b-product","jyut6ping3_mobile","session_create_select_destroy","","4","16","userdb_open_or_sync","44","unavailable","unavailable","unavailable"
"yune","track-b-product","jyut6ping3_mobile","session_create_select_destroy","","4","17","schema_select","75480","unavailable","unavailable","unavailable"
"yune","track-b-product","jyut6ping3_mobile","session_create_select_destroy","","4","18","session_destroy","20819","unavailable","unavailable","unavailable"
"yune","track-b-product","jyut6ping3_mobile","session_create_select_destroy","","5","0","schema_config_load","363","unavailable","unavailable","unavailable"
"yune","track-b-product","jyut6ping3_mobile","session_create_select_destroy","","5","1","schema_switch_options","2","unavailable","unavailable","unavailable"
"yune","track-b-product","jyut6ping3_mobile","session_create_select_destroy","","5","2","processor_install","4417","unavailable","unavailable","unavailable"
"yune","track-b-product","jyut6ping3_mobile","session_create_select_destroy","","5","3","schema_config_load","354","unavailable","unavailable","unavailable"
"yune","track-b-product","jyut6ping3_mobile","session_create_select_destroy","","5","4","translator_install","1766","unavailable","unavailable","unavailable"
"yune","track-b-product","jyut6ping3_mobile","session_create_select_destroy","","5","5","schema_config_load","357","unavailable","unavailable","unavailable"
"yune","track-b-product","jyut6ping3_mobile","session_create_select_destroy","","5","6","filter_install","49357","unavailable","unavailable","unavailable"
"yune","track-b-product","jyut6ping3_mobile","session_create_select_destroy","","5","7","userdb_open_or_sync","53","unavailable","unavailable","unavailable"
"yune","track-b-product","jyut6ping3_mobile","session_create_select_destroy","","5","8","session_create","58280","unavailable","unavailable","unavailable"
"yune","track-b-product","jyut6ping3_mobile","session_create_select_destroy","","5","9","schema_config_load","427","unavailable","unavailable","unavailable"
"yune","track-b-product","jyut6ping3_mobile","session_create_select_destroy","","5","10","schema_switch_options","3","unavailable","unavailable","unavailable"
"yune","track-b-product","jyut6ping3_mobile","session_create_select_destroy","","5","11","processor_install","4151","unavailable","unavailable","unavailable"
"yune","track-b-product","jyut6ping3_mobile","session_create_select_destroy","","5","12","schema_config_load","325","unavailable","unavailable","unavailable"
"yune","track-b-product","jyut6ping3_mobile","session_create_select_destroy","","5","13","translator_install","1134","unavailable","unavailable","unavailable"
"yune","track-b-product","jyut6ping3_mobile","session_create_select_destroy","","5","14","schema_config_load","336","unavailable","unavailable","unavailable"
"yune","track-b-product","jyut6ping3_mobile","session_create_select_destroy","","5","15","filter_install","50137","unavailable","unavailable","unavailable"
"yune","track-b-product","jyut6ping3_mobile","session_create_select_destroy","","5","16","userdb_open_or_sync","28","unavailable","unavailable","unavailable"
"yune","track-b-product","jyut6ping3_mobile","session_create_select_destroy","","5","17","schema_select","86634","unavailable","unavailable","unavailable"
"yune","track-b-product","jyut6ping3_mobile","session_create_select_destroy","","5","18","session_destroy","24975","unavailable","unavailable","unavailable"
"yune","track-b-product","jyut6ping3_mobile","session_create_select_destroy","","6","0","schema_config_load","406","unavailable","unavailable","unavailable"
"yune","track-b-product","jyut6ping3_mobile","session_create_select_destroy","","6","1","schema_switch_options","2","unavailable","unavailable","unavailable"
"yune","track-b-product","jyut6ping3_mobile","session_create_select_destroy","","6","2","processor_install","4378","unavailable","unavailable","unavailable"
"yune","track-b-product","jyut6ping3_mobile","session_create_select_destroy","","6","3","schema_config_load","354","unavailable","unavailable","unavailable"
"yune","track-b-product","jyut6ping3_mobile","session_create_select_destroy","","6","4","translator_install","1780","unavailable","unavailable","unavailable"
"yune","track-b-product","jyut6ping3_mobile","session_create_select_destroy","","6","5","schema_config_load","357","unavailable","unavailable","unavailable"
"yune","track-b-product","jyut6ping3_mobile","session_create_select_destroy","","6","6","filter_install","49616","unavailable","unavailable","unavailable"
"yune","track-b-product","jyut6ping3_mobile","session_create_select_destroy","","6","7","userdb_open_or_sync","37","unavailable","unavailable","unavailable"
"yune","track-b-product","jyut6ping3_mobile","session_create_select_destroy","","6","8","session_create","58636","unavailable","unavailable","unavailable"
"yune","track-b-product","jyut6ping3_mobile","session_create_select_destroy","","6","9","schema_config_load","450","unavailable","unavailable","unavailable"
"yune","track-b-product","jyut6ping3_mobile","session_create_select_destroy","","6","10","schema_switch_options","3","unavailable","unavailable","unavailable"
"yune","track-b-product","jyut6ping3_mobile","session_create_select_destroy","","6","11","processor_install","4127","unavailable","unavailable","unavailable"
"yune","track-b-product","jyut6ping3_mobile","session_create_select_destroy","","6","12","schema_config_load","318","unavailable","unavailable","unavailable"
"yune","track-b-product","jyut6ping3_mobile","session_create_select_destroy","","6","13","translator_install","1229","unavailable","unavailable","unavailable"
"yune","track-b-product","jyut6ping3_mobile","session_create_select_destroy","","6","14","schema_config_load","357","unavailable","unavailable","unavailable"
"yune","track-b-product","jyut6ping3_mobile","session_create_select_destroy","","6","15","filter_install","49441","unavailable","unavailable","unavailable"
"yune","track-b-product","jyut6ping3_mobile","session_create_select_destroy","","6","16","userdb_open_or_sync","48","unavailable","unavailable","unavailable"
"yune","track-b-product","jyut6ping3_mobile","session_create_select_destroy","","6","17","schema_select","77760","unavailable","unavailable","unavailable"
"yune","track-b-product","jyut6ping3_mobile","session_create_select_destroy","","6","18","session_destroy","22569","unavailable","unavailable","unavailable"
"yune","track-b-product","jyut6ping3_mobile","session_create_select_destroy","","7","0","schema_config_load","362","unavailable","unavailable","unavailable"
"yune","track-b-product","jyut6ping3_mobile","session_create_select_destroy","","7","1","schema_switch_options","2","unavailable","unavailable","unavailable"
"yune","track-b-product","jyut6ping3_mobile","session_create_select_destroy","","7","2","processor_install","4406","unavailable","unavailable","unavailable"
"yune","track-b-product","jyut6ping3_mobile","session_create_select_destroy","","7","3","schema_config_load","362","unavailable","unavailable","unavailable"
"yune","track-b-product","jyut6ping3_mobile","session_create_select_destroy","","7","4","translator_install","1838","unavailable","unavailable","unavailable"
"yune","track-b-product","jyut6ping3_mobile","session_create_select_destroy","","7","5","schema_config_load","360","unavailable","unavailable","unavailable"
"yune","track-b-product","jyut6ping3_mobile","session_create_select_destroy","","7","6","filter_install","47211","unavailable","unavailable","unavailable"
"yune","track-b-product","jyut6ping3_mobile","session_create_select_destroy","","7","7","userdb_open_or_sync","30","unavailable","unavailable","unavailable"
"yune","track-b-product","jyut6ping3_mobile","session_create_select_destroy","","7","8","session_create","56264","unavailable","unavailable","unavailable"
"yune","track-b-product","jyut6ping3_mobile","session_create_select_destroy","","7","9","schema_config_load","407","unavailable","unavailable","unavailable"
"yune","track-b-product","jyut6ping3_mobile","session_create_select_destroy","","7","10","schema_switch_options","3","unavailable","unavailable","unavailable"
"yune","track-b-product","jyut6ping3_mobile","session_create_select_destroy","","7","11","processor_install","4111","unavailable","unavailable","unavailable"
"yune","track-b-product","jyut6ping3_mobile","session_create_select_destroy","","7","12","schema_config_load","322","unavailable","unavailable","unavailable"
"yune","track-b-product","jyut6ping3_mobile","session_create_select_destroy","","7","13","translator_install","1115","unavailable","unavailable","unavailable"
"yune","track-b-product","jyut6ping3_mobile","session_create_select_destroy","","7","14","schema_config_load","328","unavailable","unavailable","unavailable"
"yune","track-b-product","jyut6ping3_mobile","session_create_select_destroy","","7","15","filter_install","49716","unavailable","unavailable","unavailable"
"yune","track-b-product","jyut6ping3_mobile","session_create_select_destroy","","7","16","userdb_open_or_sync","39","unavailable","unavailable","unavailable"
"yune","track-b-product","jyut6ping3_mobile","session_create_select_destroy","","7","17","schema_select","79639","unavailable","unavailable","unavailable"
"yune","track-b-product","jyut6ping3_mobile","session_create_select_destroy","","7","18","session_destroy","23030","unavailable","unavailable","unavailable"
"yune","track-b-product","jyut6ping3_mobile","session_create_select_destroy","","8","0","schema_config_load","361","unavailable","unavailable","unavailable"
"yune","track-b-product","jyut6ping3_mobile","session_create_select_destroy","","8","1","schema_switch_options","4","unavailable","unavailable","unavailable"
"yune","track-b-product","jyut6ping3_mobile","session_create_select_destroy","","8","2","processor_install","4653","unavailable","unavailable","unavailable"
"yune","track-b-product","jyut6ping3_mobile","session_create_select_destroy","","8","3","schema_config_load","351","unavailable","unavailable","unavailable"
"yune","track-b-product","jyut6ping3_mobile","session_create_select_destroy","","8","4","translator_install","1812","unavailable","unavailable","unavailable"
"yune","track-b-product","jyut6ping3_mobile","session_create_select_destroy","","8","5","schema_config_load","445","unavailable","unavailable","unavailable"
"yune","track-b-product","jyut6ping3_mobile","session_create_select_destroy","","8","6","filter_install","47973","unavailable","unavailable","unavailable"
"yune","track-b-product","jyut6ping3_mobile","session_create_select_destroy","","8","7","userdb_open_or_sync","46","unavailable","unavailable","unavailable"
"yune","track-b-product","jyut6ping3_mobile","session_create_select_destroy","","8","8","session_create","57562","unavailable","unavailable","unavailable"
"yune","track-b-product","jyut6ping3_mobile","session_create_select_destroy","","8","9","schema_config_load","417","unavailable","unavailable","unavailable"
"yune","track-b-product","jyut6ping3_mobile","session_create_select_destroy","","8","10","schema_switch_options","2","unavailable","unavailable","unavailable"
"yune","track-b-product","jyut6ping3_mobile","session_create_select_destroy","","8","11","processor_install","4054","unavailable","unavailable","unavailable"
"yune","track-b-product","jyut6ping3_mobile","session_create_select_destroy","","8","12","schema_config_load","337","unavailable","unavailable","unavailable"
"yune","track-b-product","jyut6ping3_mobile","session_create_select_destroy","","8","13","translator_install","1246","unavailable","unavailable","unavailable"
"yune","track-b-product","jyut6ping3_mobile","session_create_select_destroy","","8","14","schema_config_load","338","unavailable","unavailable","unavailable"
"yune","track-b-product","jyut6ping3_mobile","session_create_select_destroy","","8","15","filter_install","47800","unavailable","unavailable","unavailable"
"yune","track-b-product","jyut6ping3_mobile","session_create_select_destroy","","8","16","userdb_open_or_sync","40","unavailable","unavailable","unavailable"
"yune","track-b-product","jyut6ping3_mobile","session_create_select_destroy","","8","17","schema_select","75825","unavailable","unavailable","unavailable"
"yune","track-b-product","jyut6ping3_mobile","session_create_select_destroy","","8","18","session_destroy","20812","unavailable","unavailable","unavailable"
"yune","track-b-product","jyut6ping3_mobile","session_create_select_destroy","","9","0","schema_config_load","356","unavailable","unavailable","unavailable"
"yune","track-b-product","jyut6ping3_mobile","session_create_select_destroy","","9","1","schema_switch_options","2","unavailable","unavailable","unavailable"
"yune","track-b-product","jyut6ping3_mobile","session_create_select_destroy","","9","2","processor_install","4354","unavailable","unavailable","unavailable"
"yune","track-b-product","jyut6ping3_mobile","session_create_select_destroy","","9","3","schema_config_load","361","unavailable","unavailable","unavailable"
"yune","track-b-product","jyut6ping3_mobile","session_create_select_destroy","","9","4","translator_install","1773","unavailable","unavailable","unavailable"
"yune","track-b-product","jyut6ping3_mobile","session_create_select_destroy","","9","5","schema_config_load","361","unavailable","unavailable","unavailable"
"yune","track-b-product","jyut6ping3_mobile","session_create_select_destroy","","9","6","filter_install","48162","unavailable","unavailable","unavailable"
"yune","track-b-product","jyut6ping3_mobile","session_create_select_destroy","","9","7","userdb_open_or_sync","41","unavailable","unavailable","unavailable"
"yune","track-b-product","jyut6ping3_mobile","session_create_select_destroy","","9","8","session_create","57005","unavailable","unavailable","unavailable"
"yune","track-b-product","jyut6ping3_mobile","session_create_select_destroy","","9","9","schema_config_load","415","unavailable","unavailable","unavailable"
"yune","track-b-product","jyut6ping3_mobile","session_create_select_destroy","","9","10","schema_switch_options","2","unavailable","unavailable","unavailable"
"yune","track-b-product","jyut6ping3_mobile","session_create_select_destroy","","9","11","processor_install","3991","unavailable","unavailable","unavailable"
"yune","track-b-product","jyut6ping3_mobile","session_create_select_destroy","","9","12","schema_config_load","321","unavailable","unavailable","unavailable"
"yune","track-b-product","jyut6ping3_mobile","session_create_select_destroy","","9","13","translator_install","1089","unavailable","unavailable","unavailable"
"yune","track-b-product","jyut6ping3_mobile","session_create_select_destroy","","9","14","schema_config_load","332","unavailable","unavailable","unavailable"
"yune","track-b-product","jyut6ping3_mobile","session_create_select_destroy","","9","15","filter_install","47165","unavailable","unavailable","unavailable"
"yune","track-b-product","jyut6ping3_mobile","session_create_select_destroy","","9","16","userdb_open_or_sync","43","unavailable","unavailable","unavailable"
"yune","track-b-product","jyut6ping3_mobile","session_create_select_destroy","","9","17","schema_select","75459","unavailable","unavailable","unavailable"
"yune","track-b-product","jyut6ping3_mobile","session_create_select_destroy","","9","18","session_destroy","20849","unavailable","unavailable","unavailable"
