"run","metric","median_us","max_peak_working_set_bytes"
"main","peak","","127639552"
"main","hao","38.867","127639552"
"main","ni","57.950","127639552"
"main","startup","23470.400","127639552"
"main","session","23259.400","127639552"
"noise-track-a-yune-run-2","peak","","127647744"
"noise-track-a-yune-run-2","hao","38.400","127647744"
"noise-track-a-yune-run-2","ni","57.050","127647744"
"noise-track-a-yune-run-2","startup","23481.100","127647744"
"noise-track-a-yune-run-2","session","23386.700","127647744"
"noise-track-a-yune-run-3","peak","","127574016"
"noise-track-a-yune-run-3","hao","39.267","127574016"
"noise-track-a-yune-run-3","ni","57.950","127574016"
"noise-track-a-yune-run-3","startup","23101.100","127574016"
"noise-track-a-yune-run-3","session","23896.300","127574016"
